time,x,y,z
0.005,-0.22,0.22,-0.26
0.008,-0.18,0.30,-0.21
0.012,-0.14,0.33,-0.12
0.018,-0.14,0.30,-0.00
0.023,-0.11,0.28,0.23
0.028,-0.07,0.19,0.23
0.034,-0.09,0.14,0.19
0.038,-0.21,0.04,0.12
0.043,-0.26,-0.03,0.01
0.048,-0.24,-0.07,0.00
0.053,-0.23,-0.13,0.07
0.058,-0.20,-0.15,0.03
0.063,-0.08,-0.12,0.05
0.071,-0.02,-0.07,0.03
0.073,0.01,-0.01,-0.16
0.078,-0.03,0.11,-0.25
0.083,-0.07,0.20,-0.30
0.088,-0.08,0.25,-0.24
0.093,-0.05,0.30,-0.15
0.098,-0.03,0.34,-0.25
0.103,-0.02,0.39,-0.28
0.108,-0.02,0.39,-0.27
0.113,0.02,0.37,-0.29
0.119,-0.09,0.31,-0.21
0.125,-0.12,0.26,-0.15
0.128,-0.21,0.19,-0.13
0.133,-0.20,0.15,-0.03
0.138,-0.19,0.15,0.05
0.143,-0.19,0.12,0.08
0.148,-0.12,0.16,0.18
0.153,-0.19,0.15,0.25
0.159,-0.19,0.13,0.20
0.163,-0.20,0.11,0.26
0.180,-0.19,0.11,0.31
0.180,-0.18,0.06,0.24
0.186,-0.12,0.07,0.15
0.186,-0.13,0.06,0.10
0.194,-0.08,0.11,0.15
0.195,-0.04,0.12,0.16
0.198,-0.09,0.06,0.10
0.204,-0.14,0.13,0.03
0.209,-0.24,0.16,-0.05
0.213,-0.23,0.18,-0.08
0.221,-0.23,0.23,-0.07
0.226,-0.20,0.26,-0.00
0.229,-0.18,0.27,-0.08
0.234,-0.23,0.24,-0.09
0.239,-0.23,0.26,-0.08
0.244,-0.21,0.16,-0.21
0.249,-0.20,0.19,-0.18
0.254,-0.18,0.23,-0.23
0.259,-0.16,0.20,-0.12
0.264,-0.17,0.12,-0.09
0.269,-0.12,0.08,-0.20
0.276,-0.17,0.09,-0.27
0.279,-0.16,0.13,-0.29
0.284,-0.18,0.20,-0.26
0.290,-0.19,0.21,-0.19
0.294,-0.16,0.18,-0.16
0.299,-0.06,0.26,-0.03
0.313,-0.03,0.29,-0.06
0.314,-0.01,0.31,-0.02
0.315,-0.11,0.35,-0.07
0.319,-0.17,0.34,-0.13
0.324,-0.25,0.32,-0.19
0.329,-0.26,0.27,-0.22
0.334,-0.27,0.32,-0.24
0.341,-0.22,0.31,-0.09
0.345,-0.27,0.26,-0.03
0.349,-0.21,0.26,0.06
0.355,-0.11,0.25,0.03
0.359,-0.13,0.17,0.10
0.364,-0.09,0.18,0.02
0.369,-0.04,0.27,0.07
0.374,-0.01,0.30,0.02
0.379,-0.01,0.30,-0.02
0.385,-0.01,0.30,-0.08
0.389,-0.06,0.43,-0.16
0.394,-0.02,0.45,-0.13
0.399,0.05,0.50,-0.01
0.409,-0.00,0.53,-0.09
0.410,-0.17,0.46,-0.22
0.414,-0.22,0.44,-0.21
0.420,-0.26,0.44,-0.14
0.424,-0.23,0.46,-0.11
0.430,-0.22,0.35,-0.20
0.434,-0.21,0.35,-0.21
0.442,-0.15,0.35,-0.23
0.445,-0.15,0.28,-0.15
0.450,-0.15,0.29,-0.07
0.455,-0.29,0.30,-0.13
0.460,-0.29,0.33,-0.26
0.465,-0.32,0.32,-0.37
0.471,-0.22,0.33,-0.34
0.475,-0.19,0.33,-0.29
0.480,-0.14,0.33,-0.30
0.485,-0.09,0.33,-0.31
0.491,0.02,0.43,-0.26
0.495,0.09,0.51,-0.17
0.500,0.17,0.52,-0.13
0.517,0.14,0.53,-0.18
0.518,0.10,0.59,-0.33
0.518,0.08,0.74,-0.39
0.529,0.05,0.77,-0.37
0.531,0.14,0.75,-0.59
0.532,0.03,0.74,-0.56
0.535,0.03,0.74,-0.61
0.548,0.00,0.77,-0.82
0.549,-0.01,0.71,-0.81
0.551,-0.07,0.76,-0.69
0.555,-0.00,0.73,-0.57
0.572,0.01,0.65,-0.56
0.572,0.03,0.60,-0.48
0.573,0.02,0.49,-0.40
0.588,0.06,0.40,-0.29
0.589,0.12,0.40,-0.14
0.589,0.13,0.39,0.06
0.590,0.11,0.37,0.13
0.596,0.07,0.33,0.24
0.601,0.15,0.32,0.43
0.606,0.22,0.43,0.56
0.610,0.39,0.43,0.53
0.615,0.44,0.41,0.54
0.620,0.41,0.45,0.38
0.626,0.44,0.49,0.33
0.630,0.53,0.61,0.21
0.635,0.57,0.70,0.12
0.640,0.63,0.67,0.07
0.646,0.70,0.69,0.11
0.650,0.64,0.60,0.10
0.656,0.59,0.64,0.05
0.661,0.56,0.66,0.06
0.666,0.46,0.73,0.17
0.670,0.39,0.67,0.39
0.676,0.30,0.71,0.60
0.681,0.24,0.65,0.70
0.686,-0.06,0.72,0.81
0.691,0.26,0.71,0.70
0.696,0.12,0.70,0.52
0.701,0.21,0.72,0.48
0.707,0.18,0.77,0.38
0.712,0.24,0.64,0.24
0.716,0.19,0.70,0.15
0.721,0.15,0.76,0.13
0.726,0.09,0.90,-0.01
0.731,0.03,0.90,-0.16
0.736,0.04,0.91,-0.23
0.741,-0.07,0.99,-0.17
0.746,0.11,0.90,-0.61
0.751,0.09,0.81,-0.67
0.756,-0.07,0.85,-0.73
0.761,0.25,0.89,-0.67
0.766,0.28,0.91,-0.51
0.771,0.34,0.87,-0.59
0.777,0.26,0.80,-0.55
0.781,0.15,0.71,-0.46
0.786,0.12,0.74,-0.50
0.791,0.05,0.76,-0.43
0.796,0.07,0.75,-0.34
0.801,0.13,0.76,-0.28
0.806,0.24,0.77,-0.23
0.813,0.17,0.72,-0.16
0.816,0.31,1.02,-0.15
0.821,-0.14,0.79,0.14
0.826,-0.32,0.74,0.22
0.832,-0.33,0.77,0.07
0.836,-0.05,0.97,0.19
0.841,-0.06,1.13,0.32
0.846,-0.17,1.32,1.15
0.851,-0.04,1.06,0.56
0.856,0.11,1.01,0.58
0.861,0.10,0.95,0.67
0.867,0.23,0.78,0.46
0.871,0.46,0.80,0.35
0.876,0.60,0.92,0.45
0.881,0.50,0.87,0.36
0.887,0.37,0.87,0.22
0.892,0.38,0.88,0.07
0.897,0.36,0.87,-0.11
0.901,0.60,0.94,-0.35
0.907,0.41,0.85,-0.14
0.912,0.15,0.78,-0.24
0.917,0.15,0.73,-0.46
0.922,0.39,0.89,-0.43
0.927,0.25,0.97,-0.36
0.932,0.19,0.92,-0.31
0.937,0.20,0.85,-0.17
0.942,0.23,0.75,0.13
0.949,0.14,0.67,0.33
0.957,0.14,0.65,0.52
0.957,0.03,0.56,0.52
0.965,-0.01,0.53,0.76
0.967,-0.07,0.45,0.76
0.972,-0.15,0.38,0.83
0.977,-0.12,0.33,1.01
0.982,-0.10,0.31,0.94
0.987,-0.05,0.36,0.91
0.992,-0.06,0.41,0.64
0.997,-0.02,0.49,0.52
1.002,-0.01,0.52,0.34
1.008,0.03,0.51,0.16
1.012,0.06,0.57,0.16
1.017,0.05,0.60,0.13
1.022,0.07,0.36,0.12
1.027,0.19,0.33,0.24
1.032,0.16,0.33,0.46
1.038,0.25,0.25,0.57
1.042,0.59,-0.05,0.36
1.048,0.36,0.23,1.29
1.052,0.16,0.38,1.25
1.057,0.09,0.20,1.05
1.063,-0.03,0.12,0.96
1.068,-0.01,0.04,0.78
1.072,0.00,-0.05,0.72
1.077,0.18,-0.06,0.79
1.084,0.37,-0.10,0.85
1.088,0.46,-0.18,0.73
1.092,0.40,-0.27,0.61
1.098,0.35,-0.26,0.53
1.102,0.34,-0.20,0.62
1.108,0.37,-0.16,0.78
1.112,0.29,-0.18,0.88
1.117,0.07,-0.18,0.98
1.125,-0.12,-0.22,1.01
1.127,-0.38,-0.27,0.88
1.133,-0.55,-0.33,0.93
1.137,-0.72,-0.49,0.99
1.142,-0.86,-0.61,0.88
1.150,-0.87,-0.61,1.16
1.153,-0.85,-0.81,1.38
1.158,-0.75,-1.04,1.57
1.163,-0.54,-1.16,1.66
1.168,-0.36,-1.24,1.71
1.173,-0.20,-1.32,1.72
1.178,-0.08,-1.36,1.64
1.187,0.07,-1.41,1.43
1.189,0.18,-1.36,1.13
1.193,0.34,-1.23,0.80
1.198,0.48,-1.16,0.41
1.203,0.56,-0.95,0.10
1.208,0.53,-0.70,-0.20
1.213,0.70,-0.74,-0.34
1.218,0.89,-0.82,-0.76
1.225,1.19,-1.00,-1.14
1.228,1.18,-0.92,-1.42
1.233,1.14,-0.63,-1.61
1.238,1.04,-0.34,-1.71
1.243,0.78,-0.15,-2.02
1.248,0.54,-0.10,-2.18
1.253,0.40,-0.15,-2.51
1.258,0.36,-0.13,-2.73
1.263,0.34,-0.10,-2.74
1.268,0.32,-0.06,-2.75
1.273,0.17,-0.07,-2.75
1.278,-0.01,-0.16,-2.74
1.284,-0.25,-0.25,-2.77
1.288,-0.45,-0.24,-2.65
1.293,-0.53,-0.18,-2.39
1.298,-0.55,-0.23,-2.20
1.303,-0.67,-0.23,-1.94
1.308,-1.37,0.39,-1.84
1.313,-1.04,0.03,-1.42
1.321,-1.15,-0.45,-1.80
1.324,-1.05,-0.64,-1.86
1.328,-0.69,-0.73,-1.78
1.334,-0.38,-0.77,-1.75
1.338,-0.36,-0.61,-1.45
1.344,-0.34,-0.66,-1.28
1.349,0.86,-0.12,-1.51
1.353,-0.10,-0.92,-1.26
1.359,-0.74,-1.33,-0.54
1.363,-0.77,-1.36,0.00
1.369,-0.22,-1.16,-0.10
1.374,0.35,-1.30,-0.14
1.379,0.27,-1.15,0.12
1.384,0.12,-0.95,0.79
1.389,-0.24,-0.90,1.11
1.394,-0.47,-0.86,1.20
1.399,-0.60,-0.77,1.07
1.404,-0.59,-0.76,0.88
1.409,-0.58,-0.77,0.56
1.414,-0.53,-0.67,0.28
1.419,-0.53,-0.57,0.09
1.424,-0.50,-0.43,-0.23
1.429,-0.41,-0.31,-0.48
1.434,-1.92,1.04,-0.82
1.439,-0.96,0.79,-0.80
1.444,-1.04,0.06,-1.54
1.449,-0.63,-0.08,-2.11
1.456,-0.05,-0.04,-2.07
1.459,0.26,0.07,-1.92
1.464,0.38,0.23,-1.55
1.470,0.26,0.36,-1.34
1.474,0.09,0.54,-1.13
1.479,-0.06,0.53,-1.08
1.484,-0.19,0.48,-0.96
1.489,-0.29,0.42,-0.87
1.494,-0.33,0.32,-0.67
1.499,-0.37,0.27,-0.42
1.505,-0.28,0.21,-0.09
1.516,-0.13,0.10,0.09
1.517,-0.25,0.04,0.18
1.521,-0.17,0.01,0.19
1.524,-0.04,0.04,0.20
1.529,-0.16,0.07,0.20
1.535,-0.23,0.13,0.25
1.539,-0.20,0.10,0.27
1.545,0.23,-0.12,0.28
1.549,0.17,-0.20,0.34
1.555,0.13,0.12,0.22
1.559,-0.22,0.11,0.36
1.564,-0.38,0.20,0.47
1.570,-0.45,0.31,0.47
1.574,-0.01,0.48,0.01
1.579,-0.99,0.14,0.39
1.584,-1.36,0.14,0.83
1.591,-1.14,0.25,0.61
1.596,-0.69,0.49,0.15
1.599,-0.52,0.67,-0.24
1.605,-0.47,0.77,-0.26
1.610,-2.64,1.63,-0.14
1.615,-1.17,1.13,-0.28
1.619,-0.93,0.54,-0.71
1.625,-0.65,0.49,-0.93
1.630,0.09,0.46,-0.82
1.635,0.55,0.13,-0.62
1.640,0.42,0.32,-0.27
1.645,0.06,0.77,0.30
1.650,-0.42,0.72,0.55
1.655,-0.46,0.80,0.77
1.660,-0.51,0.69,0.99
1.665,-0.50,0.57,1.18
1.670,-0.51,0.45,1.30
1.675,-0.52,0.37,1.55
1.680,-0.61,0.33,1.80
1.685,-0.79,0.24,1.95
1.690,-0.87,0.21,1.91
1.695,-0.85,0.13,1.68
1.700,-0.80,-0.04,1.44
1.705,-0.84,-0.25,1.31
1.710,-0.68,-0.28,1.21
1.715,-0.86,-0.35,0.96
1.720,-1.02,-0.41,0.75
1.725,-1.02,-0.44,0.78
1.730,-0.87,-0.46,0.63
1.735,-0.97,-0.52,0.46
1.743,-1.06,-0.57,0.32
1.745,-1.20,-0.54,0.17
1.750,-1.19,-0.56,0.03
1.755,-1.15,-0.56,0.00
1.760,-1.02,-0.44,0.14
1.765,-1.17,-0.32,0.10
1.770,-1.13,-0.19,0.18
1.775,-1.01,-0.01,0.08
1.780,-0.81,0.18,0.02
1.785,-0.69,0.34,-0.08
1.791,-0.51,0.41,-0.33
1.795,-0.25,0.39,-0.50
1.800,-0.01,0.34,-0.65
1.805,0.12,0.25,-0.84
1.810,0.18,0.16,-0.98
1.815,0.26,0.08,-1.13
1.821,0.37,-0.13,-1.04
1.825,0.43,-0.36,-0.88
1.830,0.37,-0.60,-0.62
1.835,0.16,-0.86,-0.12
1.841,-0.07,-1.00,0.36
1.846,-0.41,-1.25,0.96
1.851,-0.76,-1.45,1.49
1.856,-0.99,-1.70,1.77
1.861,-1.22,-1.95,2.09
1.866,-1.41,-2.07,2.14
1.871,-1.38,-2.15,2.16
1.880,-1.23,-2.21,1.99
1.882,-1.06,-2.27,1.79
1.888,-0.99,-2.23,1.43
1.892,-0.85,-2.21,1.13
1.896,-0.68,-2.13,0.67
1.901,-0.57,-2.10,0.08
1.906,-0.44,-1.95,-0.39
1.911,-0.29,-1.76,-0.74
1.916,-0.21,-1.57,-0.78
1.921,-0.19,-1.52,-0.78
1.926,-0.12,-1.47,-0.53
1.931,-0.21,-1.42,-0.22
1.936,-0.05,-1.24,0.13
1.941,-0.54,-1.69,0.56
1.947,-0.75,-2.00,0.61
1.951,-0.53,-1.87,1.01
1.957,-0.37,-1.75,1.37
1.961,-0.34,-1.90,1.35
1.966,-0.31,-1.84,1.29
1.971,-0.34,-1.70,1.23
1.977,-0.41,-1.69,1.10
1.981,-0.49,-1.67,0.70
1.986,-0.45,-1.58,0.21
1.991,-0.37,-1.49,-0.30
1.996,-0.19,-1.37,-0.75
2.002,-0.12,-1.34,-1.21
2.006,0.01,-1.19,-1.58
2.012,-0.11,-0.87,-1.49
2.017,-0.16,-0.97,-2.20
2.021,-0.14,-0.87,-2.43
2.031,0.04,-0.60,-2.29
2.032,0.07,-0.52,-2.14
2.036,0.08,-0.62,-2.24
2.042,0.15,-0.58,-2.33
2.046,0.14,-0.47,-2.16
2.052,0.12,-0.28,-2.12
2.056,0.18,-0.28,-2.13
2.062,0.15,-0.20,-2.25
2.066,0.14,-0.04,-2.07
2.071,0.02,0.04,-1.87
2.077,-0.02,0.03,-1.82
2.081,-0.00,0.05,-1.75
2.086,0.08,0.11,-1.68
2.092,0.13,0.13,-1.72
2.097,0.28,0.19,-1.76
2.102,0.47,0.22,-1.77
2.107,0.54,0.23,-1.66
2.112,0.52,0.20,-1.50
2.117,0.50,0.13,-1.30
2.124,0.48,0.08,-1.14
2.127,0.41,0.07,-0.98
2.132,0.32,0.12,-0.84
2.137,0.21,0.06,-0.77
2.143,0.14,-0.02,-0.72
2.148,-0.00,-0.06,-0.78
2.154,-0.04,-0.13,-0.72
2.160,-0.08,-0.14,-0.64
2.164,-0.16,-0.24,-0.40
2.167,-0.26,-0.32,-0.33
2.172,-0.28,-0.33,-0.17
2.177,-0.36,-0.39,-0.07
2.182,-0.43,-0.41,-0.06
2.187,-0.44,-0.39,-0.07
2.192,-0.35,-0.30,-0.05
2.197,-0.24,-0.16,-0.02
2.202,-0.09,-0.07,0.09
2.207,0.10,-0.01,0.05
2.213,0.29,0.12,-0.04
2.217,0.44,0.23,-0.23
2.225,0.59,0.35,-0.58
2.227,0.57,0.41,-0.80
2.232,0.50,0.50,-0.89
2.237,0.50,0.54,-0.90
2.242,0.53,0.60,-0.77
2.247,0.58,0.64,-0.87
2.252,0.64,0.64,-0.75
2.257,0.60,0.60,-0.65
2.262,0.49,0.55,-0.42
2.267,0.40,0.46,-0.21
2.272,0.36,0.35,-0.09
2.278,0.31,0.29,-0.07
2.282,0.32,0.24,0.05
2.288,0.24,0.14,0.20
2.292,0.24,0.15,0.34
2.300,0.20,0.07,0.57
2.306,0.18,0.07,0.90
2.307,0.09,0.01,1.15
2.313,-0.02,-0.01,1.38
2.317,-0.05,-0.10,1.51
2.323,-0.17,0.14,1.94
2.328,-0.42,-0.39,1.54
2.333,-0.28,-0.30,1.51
2.338,-0.28,-0.31,1.65
2.342,-0.17,-0.39,1.77
2.349,-0.21,-0.71,1.88
2.353,0.06,-0.79,1.47
2.358,0.13,-0.46,1.43
2.363,-0.26,-0.41,1.42
2.368,-0.48,-0.49,1.37
2.373,-0.40,-0.32,1.16
2.378,-0.28,-0.18,0.89
2.383,-0.07,-0.11,0.38
2.388,0.20,-0.03,-0.08
2.393,0.45,0.04,-0.27
2.400,0.69,0.13,-0.47
2.403,0.74,0.15,-0.40
2.408,0.62,0.17,-0.31
2.413,0.45,0.07,-0.16
2.418,0.12,-0.26,0.20
2.423,-0.19,-0.63,0.77
2.428,-0.47,-0.93,1.27
2.438,-0.68,-1.20,2.10
2.439,-0.85,-1.41,2.71
2.447,-1.04,-1.64,3.35
2.448,-1.04,-1.82,3.71
2.453,-0.99,-1.98,3.86
2.458,-0.96,-2.11,3.70
2.463,-0.89,-2.23,3.35
2.468,-0.81,-2.26,2.71
2.473,-0.69,-2.26,2.17
2.478,-0.55,-2.11,1.63
2.484,-0.33,-2.06,1.11
2.488,-0.22,-1.79,0.60
2.493,-0.13,-1.53,-0.00
2.498,-0.09,-1.29,-0.63
2.503,-0.09,-1.01,-1.18
2.508,-0.08,-0.81,-1.72
2.514,-0.08,-0.62,-2.16
2.518,0.01,-0.52,-2.30
2.524,0.21,-0.36,-2.51
2.528,0.30,-0.24,-2.42
2.535,0.25,-0.21,-2.49
2.538,0.18,-0.21,-2.41
2.543,0.04,-0.26,-2.32
2.548,-0.14,-0.37,-2.07
2.553,-0.31,-0.56,-1.73
2.558,-0.47,-0.78,-1.27
2.564,-0.62,-0.92,-0.90
2.571,-0.77,-1.11,-0.65
2.577,-0.83,-1.15,-0.30
2.582,-0.88,-1.25,-0.06
2.586,-0.93,-1.29,0.06
2.589,-1.08,-1.34,0.07
2.594,-1.25,-1.41,0.11
2.599,-1.37,-1.41,0.27
2.604,-1.41,-1.45,0.29
2.609,-1.44,-1.38,0.27
2.613,-1.69,-1.53,0.23
2.619,-1.42,-1.57,-0.29
2.624,-1.13,-1.27,-0.15
2.629,-1.20,-1.33,0.06
2.634,-1.07,-1.35,-0.06
2.639,-1.00,-1.26,-0.18
2.644,-0.97,-1.08,-0.31
2.649,-0.90,-0.90,-0.27
2.654,-0.84,-0.74,-0.53
2.659,-0.73,-0.64,-0.64
2.664,-0.65,-0.53,-0.86
2.669,-0.49,-0.44,-1.04
2.674,-0.38,-0.34,-1.24
2.679,-0.30,-0.22,-1.34
2.684,-0.19,-0.04,-1.54
2.689,-0.14,0.04,-1.75
2.694,-0.18,0.16,-2.11
2.699,-0.15,0.26,-2.32
2.704,-0.18,0.30,-2.37
2.709,-0.15,0.35,-2.21
2.714,-0.22,0.28,-2.17
2.724,-0.37,0.26,-2.04
2.729,-0.49,0.16,-1.85
2.729,-0.64,0.05,-1.68
2.734,-0.71,-0.12,-1.53
2.739,-0.81,-0.22,-1.27
2.744,-0.85,-0.29,-0.94
2.749,-0.86,-0.32,-0.77
2.754,-0.89,-0.28,-0.57
2.759,-0.93,-0.37,-0.49
2.764,-1.01,-0.31,-0.53
2.770,-1.04,-0.32,-0.41
2.774,-0.98,-0.23,-0.33
2.779,-0.98,-0.14,-0.33
2.785,-0.99,-0.07,-0.26
2.789,-0.91,0.02,-0.18
2.794,-0.90,0.09,-0.23
2.799,-0.81,0.15,-0.32
2.805,-0.68,0.20,-0.43
2.809,-0.57,0.36,-0.41
2.814,-0.54,0.42,-0.34
2.819,-0.47,0.45,-0.14
2.824,-0.46,0.48,-0.06
2.829,-0.48,0.48,-0.13
2.835,-0.50,0.47,-0.28
2.840,-0.47,0.49,-0.34
2.844,-0.47,0.42,-0.22
2.849,-0.49,0.37,-0.27
2.858,-0.49,0.29,-0.12
2.865,-0.46,0.23,-0.06
2.866,-0.48,0.12,0.20
2.870,-0.56,0.07,0.36
2.875,-0.57,0.03,0.61
2.880,-0.58,0.02,0.88
2.886,-0.48,-0.06,1.06
2.892,-0.38,-0.09,1.23
2.895,-0.31,-0.06,1.47
2.900,-0.30,-0.05,1.51
2.907,-0.28,-0.07,1.46
2.910,-0.25,-0.09,1.27
2.915,-0.11,-0.13,1.05
2.920,-0.04,-0.16,1.01
2.925,-0.08,-0.18,0.89
2.931,-0.08,-0.18,0.84
2.937,-0.10,-0.20,0.87
2.942,-0.17,-0.16,0.93
2.945,-0.26,-0.13,0.81
2.950,-0.40,-0.07,0.68
2.957,-0.43,0.04,0.41
2.960,-0.35,0.13,0.10
2.965,-0.16,0.29,-0.16
2.970,0.03,0.35,-0.33
2.975,0.28,0.35,-0.39
2.981,0.59,0.41,-0.47
2.985,0.73,0.31,-0.48
2.994,0.85,0.15,-0.40
2.997,0.87,-0.18,-0.13
3.000,0.81,-0.56,0.30
3.005,0.73,-0.86,0.85
3.010,0.55,-1.17,1.54
3.015,0.40,-1.56,2.16
3.020,0.18,-1.85,2.76
3.025,0.01,-2.07,3.26
3.030,-0.22,-2.21,3.55
3.035,-0.41,-2.36,3.72
3.041,-0.57,-2.46,3.86
3.045,-0.68,-2.40,3.62
3.050,-0.69,-2.30,3.34
3.055,-0.68,-2.21,2.78
3.060,-0.63,-2.09,2.05
3.065,-0.47,-1.88,1.15
3.070,-0.31,-1.56,0.18
3.075,-0.20,-1.21,-0.74
3.080,-0.06,-0.94,-1.56
3.085,0.05,-0.73,-2.22
3.091,0.14,-0.50,-2.73
3.095,0.25,-0.41,-2.94
3.101,0.30,-0.25,-2.77
3.106,0.27,-0.18,-2.61
3.111,0.23,-0.18,-2.46
3.115,0.25,-0.25,-2.20
3.123,0.34,-0.31,-1.92
3.126,0.49,-0.39,-1.54
3.130,0.61,-0.50,-1.00
3.135,0.70,-0.64,-0.50
3.145,0.83,-0.79,-0.13
3.146,0.90,-1.02,0.03
3.151,1.01,-1.08,0.33
3.156,1.11,-1.23,0.40
3.162,1.03,-1.26,0.56
3.166,0.97,-1.27,0.67
3.171,0.85,-1.25,0.75
3.176,0.72,-1.26,0.67
3.181,0.53,-1.18,0.53
3.186,0.30,-1.13,0.35
3.191,0.12,-1.17,-0.09
3.196,0.07,-1.11,-0.38
3.201,0.01,-1.08,-0.67
3.207,-0.04,-1.02,-0.77
3.211,-0.15,-0.98,-0.85
3.216,-0.33,-0.91,-0.83
3.221,-0.45,-0.90,-0.70
3.229,-0.49,-0.73,-0.72
3.231,-0.47,-0.62,-0.75
3.236,-0.41,-0.57,-0.78
3.241,-0.34,-0.48,-0.78
3.246,-0.26,-0.36,-0.87
3.253,-0.17,-0.27,-1.01
3.258,-0.08,-0.20,-1.24
3.261,0.05,-0.12,-1.23
3.266,0.13,0.00,-1.31
3.271,0.28,0.06,-1.52
3.280,0.45,0.05,-1.65
3.286,0.64,0.06,-1.70
3.287,0.80,0.09,-1.68
3.292,0.72,0.11,-1.51
3.303,0.61,0.09,-1.20
3.304,0.53,0.03,-0.91
3.333,0.47,-0.03,-0.67
3.333,0.41,-0.07,-0.41
3.334,0.41,-0.07,-0.25
3.335,0.28,-0.11,-0.11
3.336,0.27,-0.13,0.01
3.337,0.31,-0.16,0.14
3.338,0.29,-0.12,0.13
3.343,0.26,-0.18,0.11
3.347,0.31,-0.12,-0.03
3.352,0.29,-0.04,-0.13
3.357,0.33,-0.01,-0.26
3.363,0.40,0.05,-0.32
3.367,0.41,0.07,-0.41
3.372,0.45,0.09,-0.38
3.380,0.51,0.10,-0.34
3.382,0.58,0.13,-0.37
3.387,0.69,0.20,-0.49
3.392,0.80,0.21,-0.55
3.398,0.86,0.27,-0.54
3.403,0.89,0.26,-0.52
3.407,0.81,0.32,-0.49
3.432,0.71,0.37,-0.38
3.433,0.63,0.40,-0.37
3.434,0.61,0.44,-0.26
3.435,0.58,0.43,-0.10
3.435,0.48,0.46,-0.17
3.437,0.47,0.45,-0.22
3.442,0.39,0.44,-0.22
3.448,0.44,0.35,-0.17
3.455,0.44,0.36,-0.10
3.457,0.44,0.33,0.08
3.463,0.36,0.24,0.21
3.467,0.31,0.22,0.32
3.472,0.31,0.14,0.33
3.477,0.33,0.07,0.34
3.482,0.35,0.04,0.31
3.487,0.36,-0.06,0.49
3.492,0.41,-0.06,0.63
3.497,0.42,-0.10,0.82
3.502,0.49,-0.17,0.98
3.507,0.47,-0.23,1.06
3.520,0.44,-0.33,1.06
3.568,0.43,-0.37,1.02
3.569,0.45,-0.43,0.91
3.573,0.54,-0.46,0.92
3.574,0.63,-0.48,0.89
3.574,0.67,-0.45,1.03
3.575,0.74,-0.36,1.29
3.576,0.72,-0.25,1.34
3.576,0.71,-0.19,1.27
3.581,0.67,-0.17,1.16
3.581,0.64,-0.11,0.89
3.582,0.72,0.06,0.50
3.583,0.74,0.20,0.16
3.583,0.67,0.34,-0.18
3.586,0.60,0.44,-0.47
3.588,0.54,0.53,-0.66
3.593,0.58,0.52,-0.91
3.598,0.62,0.50,-1.03
3.603,0.56,0.51,-1.05
3.607,0.49,0.30,-0.96
3.612,0.30,0.08,-0.72
3.620,0.02,-0.21,-0.25
3.624,-0.37,-0.59,0.19
3.627,-0.69,-0.90,0.73
3.633,-0.87,-1.25,1.24
3.637,-0.80,-1.55,1.75
3.642,-0.80,-1.88,2.17
3.649,-0.47,-2.11,2.49
3.653,-0.18,-2.31,2.91
3.657,0.26,-2.32,2.85
3.662,0.66,-2.29,2.59
3.668,0.98,-2.20,2.22
3.672,1.19,-2.02,1.70
3.677,1.39,-1.70,1.20
3.683,1.39,-1.44,0.51
3.688,1.45,-1.24,-0.07
3.692,1.29,-1.06,-0.33
3.698,1.20,-0.75,-0.67
3.704,1.09,-0.63,-0.88
3.709,0.93,-0.46,-1.12
3.713,1.10,0.08,-1.25
3.718,0.33,-0.51,-1.52
3.723,0.36,-0.55,-1.59
3.728,0.47,-0.36,-1.23
3.733,0.54,-0.42,-0.87
3.738,0.57,-0.59,-0.56
3.743,0.48,-0.72,-0.13
3.748,0.40,-0.86,0.24
3.753,0.42,-1.00,0.66
3.758,0.56,-1.18,0.91
3.763,0.48,-1.24,1.09
3.768,0.28,-1.27,1.12
3.773,0.11,-1.35,1.06
3.778,0.01,-1.36,0.92
3.783,-0.14,-1.35,0.84
3.788,-0.19,-1.19,0.64
3.793,-0.30,-1.11,0.32
3.798,-0.39,-0.97,-0.15
3.803,-0.42,-0.95,-0.73
3.808,-0.39,-0.77,-1.21
3.813,-0.34,-0.56,-1.50
3.818,-0.21,-0.35,-1.72
3.823,-0.14,-0.17,-1.88
3.828,0.00,0.01,-1.90
3.833,0.12,0.12,-1.92
3.838,0.24,0.21,-1.77
3.843,0.33,0.30,-1.77
3.848,0.39,0.38,-1.63
3.854,0.47,0.45,-1.46
3.858,0.53,0.54,-1.15
3.863,0.61,0.50,-0.99
3.874,0.71,0.50,-0.88
3.875,0.73,0.47,-0.75
3.878,0.84,0.44,-0.72
3.883,0.85,0.40,-0.73
3.888,0.81,0.41,-0.66
3.893,0.78,0.37,-0.60
3.898,0.72,0.34,-0.70
3.904,0.61,0.29,-0.77
3.909,0.50,0.30,-0.93
3.913,0.42,0.28,-0.98
3.918,0.42,0.24,-0.86
3.923,0.34,0.22,-0.80
3.928,0.33,0.15,-0.76
3.933,0.28,0.13,-0.72
3.939,0.34,0.04,-0.62
3.943,0.28,0.05,-0.46
3.949,0.20,-0.10,-0.25
3.954,0.07,-0.23,0.15
3.958,0.00,-0.30,0.40
3.964,-0.11,-0.31,0.55
3.969,-0.18,-0.41,0.76
3.974,-0.24,-0.42,0.86
3.979,-0.27,-0.41,0.95
3.984,-0.19,-0.41,0.88
3.989,-0.04,-0.38,0.60
3.994,0.17,-0.34,0.35
3.999,0.33,-0.21,0.20
4.017,0.40,-0.10,0.10
4.018,0.43,-0.01,0.05
4.019,0.42,0.11,-0.24
4.025,0.35,0.26,-0.22
4.026,0.40,0.25,-0.47
4.032,0.32,0.32,-0.53
4.036,0.34,0.32,-0.56
4.040,0.37,0.37,-0.52
4.044,0.46,0.35,-0.47
4.049,0.47,0.33,-0.23
4.055,0.42,0.30,-0.01
4.059,0.38,0.25,0.17
4.064,0.28,0.31,0.41
4.072,0.23,0.27,0.48
4.075,0.18,0.18,0.54
4.080,0.04,0.15,0.77
4.086,-0.01,0.11,0.96
4.092,-0.07,-0.05,0.94
4.095,-0.10,-0.16,0.97
4.100,-0.11,-0.28,0.81
4.106,-0.11,-0.33,0.72
4.110,-0.15,-0.31,0.54
4.115,-0.15,-0.25,0.53
4.120,-0.06,-0.21,0.38
4.127,-0.27,-0.13,0.33
4.130,-0.33,0.10,0.28
4.135,-0.36,0.35,0.07
4.143,-0.33,0.61,-0.06
4.146,-0.26,0.84,-0.42
4.150,-0.03,0.95,-0.73
4.165,0.08,1.05,-0.86
4.166,0.15,1.18,-0.98
4.167,0.29,1.21,-1.33
4.171,0.61,1.12,-1.48
4.175,0.91,0.97,-1.67
4.180,1.20,0.66,-1.60
4.185,1.42,0.27,-1.34
4.191,1.40,-0.18,-0.70
4.195,1.15,-0.71,0.39
4.200,0.88,-1.11,1.55
4.206,0.44,-1.42,2.47
4.210,0.11,-1.65,3.18
4.215,-0.10,-1.81,3.55
4.220,-0.24,-1.91,3.68
4.228,-0.21,-1.94,3.30
4.231,-0.17,-1.92,2.97
4.235,0.03,-1.85,2.30
4.250,0.28,-1.73,1.63
4.251,0.53,-1.57,0.92
4.251,0.87,-1.37,0.13
4.255,1.13,-1.04,-0.51
4.298,1.28,-0.85,-1.18
4.300,1.36,-0.67,-1.57
4.300,1.48,-0.52,-1.83
4.301,1.43,-0.36,-1.81
4.302,1.49,-0.28,-1.70
4.302,1.36,-0.28,-1.38
4.303,1.26,-0.34,-1.06
4.304,1.14,-0.40,-0.56
4.304,0.93,-0.55,0.02
4.305,0.75,-0.68,0.65
4.310,0.63,-0.68,1.04
4.315,0.55,-0.64,1.27
4.320,0.59,-0.69,1.19
4.325,0.69,-0.75,1.15
4.330,0.75,-0.80,1.16
4.335,0.76,-0.75,1.09
4.341,0.67,-0.62,0.90
4.345,0.57,-0.46,0.36
4.350,0.43,-0.33,-0.22
4.355,0.31,-0.17,-0.85
4.360,0.32,-0.04,-1.33
4.365,0.33,0.00,-1.83
4.370,0.38,0.05,-2.10
4.381,0.43,0.14,-2.25
4.382,0.40,0.23,-2.35
4.385,0.26,0.30,-2.49
4.393,0.26,0.41,-2.52
4.396,0.23,0.57,-2.40
4.401,0.13,0.68,-2.28
4.406,0.12,0.77,-2.17
4.411,0.00,0.82,-2.01
4.416,0.10,0.88,-1.98
4.421,0.25,0.93,-1.79
4.426,0.28,1.02,-1.76
4.431,0.31,1.06,-1.80
4.436,0.34,1.02,-1.81
4.441,0.49,1.00,-1.58
4.446,0.70,0.98,-1.41
4.451,0.80,0.94,-1.19
4.457,0.89,0.86,-1.01
4.464,1.00,0.86,-0.78
4.467,1.01,0.81,-0.70
4.472,1.06,0.76,-0.71
4.479,0.98,0.70,-0.75
4.482,0.95,0.61,-0.76
4.486,0.87,0.59,-0.65
4.493,0.78,0.54,-0.46
4.500,0.75,0.48,-0.27
4.503,0.62,0.38,-0.06
4.507,0.45,0.35,0.07
4.513,0.38,0.33,0.17
4.517,0.32,0.36,0.20
4.544,0.34,0.42,0.42
4.545,0.28,0.49,0.56
4.546,0.28,0.52,0.69
4.547,0.31,0.57,0.79
4.548,0.35,0.60,0.87
4.550,0.45,0.68,0.84
4.559,0.56,0.75,0.82
4.561,0.65,0.80,0.84
4.562,0.77,0.85,0.94
4.573,0.89,0.85,0.89
4.574,0.86,0.90,0.90
4.582,0.80,1.05,0.84
4.583,0.65,1.12,0.89
4.587,0.55,1.15,0.75
4.592,0.50,1.23,0.52
4.597,0.51,1.30,0.27
4.601,0.56,1.29,0.03
4.606,0.63,1.32,-0.06
4.612,0.69,1.44,-0.16
4.616,0.75,1.47,-0.21
4.621,0.70,1.40,-0.34
4.627,0.64,1.31,-0.48
4.632,0.62,1.32,-0.46
4.637,0.64,1.31,-0.29
4.642,0.56,1.24,0.01
4.650,0.46,1.09,0.29
4.654,0.32,0.92,0.57
4.657,0.32,0.82,0.83
4.671,0.32,0.68,1.01
4.672,0.32,0.63,1.33
4.673,0.24,0.51,1.59
4.677,0.18,0.38,1.85
4.682,0.05,0.26,1.95
4.687,-0.02,0.17,1.95
4.693,-0.03,0.09,1.90
4.697,-0.05,0.08,1.68
4.702,0.07,0.06,1.53
4.707,0.19,0.04,1.35
4.713,0.23,0.13,1.24
4.717,0.22,0.18,1.01
4.722,0.22,0.38,0.79
4.727,0.26,0.67,0.32
4.732,0.41,0.80,0.03
4.737,0.65,0.94,-0.28
4.742,0.80,0.89,-0.60
4.757,1.00,0.83,-0.67
4.758,1.08,0.72,-0.68
4.759,1.03,0.59,-0.53
4.762,0.82,0.29,-0.04
4.778,0.62,-0.06,0.40
4.781,0.29,-0.39,0.90
4.781,-0.04,-0.69,1.62
4.783,-0.22,-1.07,2.25
4.787,-0.34,-1.44,2.77
4.793,-0.44,-1.77,3.33
4.797,-0.52,-2.06,3.76
4.802,-0.58,-2.21,3.93
4.807,-0.60,-2.25,3.98
4.813,-0.58,-2.20,3.76
4.817,-0.49,-2.16,3.47
4.822,-0.30,-2.09,3.07
4.827,-0.11,-1.94,2.42
4.833,-0.03,-1.63,1.57
4.838,-0.00,-1.26,0.52
4.842,0.09,-1.04,-0.43
4.849,0.19,-0.88,-1.17
4.853,0.19,-0.61,-1.66
4.857,0.15,-0.42,-1.97
4.862,0.03,-0.31,-2.15
4.867,-0.07,-0.22,-2.14
4.872,-0.08,-0.26,-2.06
4.877,-0.39,-0.28,-1.90
4.887,-0.57,-0.33,-1.61
4.889,-0.81,-0.47,-1.12
4.893,-0.97,-0.66,-0.72
4.905,-1.08,-0.88,-0.19
4.906,-1.16,-1.11,0.26
4.909,-1.22,-1.28,0.59
4.913,-1.21,-1.36,0.64
4.918,-1.17,-1.45,0.71
4.923,-1.08,-1.49,0.65
4.927,-1.04,-1.43,0.63
4.933,-1.04,-1.37,0.55
4.938,-1.15,-1.31,0.23
4.943,-1.09,-1.21,-0.13
4.955,-1.03,-1.04,-0.45
4.959,-0.93,-0.91,-0.86
4.960,-0.78,-0.79,-1.10
4.964,-0.64,-0.62,-1.30
4.969,-0.59,-0.54,-1.61
4.974,-0.56,-0.40,-1.62
4.981,-0.57,-0.29,-1.67
4.985,-0.59,-0.17,-1.63
4.990,-0.60,-0.06,-1.57
4.993,-0.62,-0.06,-1.52
4.998,-0.63,-0.02,-1.43
5.003,-0.62,0.04,-1.32
5.008,-0.60,0.15,-1.32
5.013,-0.56,0.17,-1.27
5.024,-0.46,0.24,-1.30
5.032,-0.35,0.25,-1.35
5.033,-0.20,0.22,-1.50
5.033,-0.16,0.28,-1.67
5.055,-0.03,0.29,-1.80
5.056,-0.01,0.32,-2.01
5.058,0.08,0.34,-2.13
5.059,0.15,0.43,-1.93
5.060,0.19,0.39,-1.85
5.065,0.10,0.40,-1.69
5.069,0.06,0.36,-1.50
5.073,-0.00,0.28,-1.41
5.078,-0.04,0.23,-1.26
5.084,-0.06,0.21,-1.16
5.088,-0.11,0.16,-0.96
5.093,-0.19,0.07,-0.84
5.099,-0.18,0.01,-0.66
5.104,-0.23,-0.03,-0.51
5.108,-0.33,-0.05,-0.38
5.113,-0.45,-0.03,-0.17
5.119,-0.53,-0.04,-0.11
5.126,-0.52,-0.01,-0.04
5.128,-0.46,0.05,0.01
5.133,-0.33,0.19,-0.10
5.139,-0.22,0.24,-0.15
5.144,-0.18,0.33,-0.34
5.150,-0.12,0.36,-0.52
5.160,-0.04,0.44,-0.65
5.161,0.01,0.50,-0.80
5.164,0.10,0.54,-0.87
5.170,0.09,0.58,-0.98
5.175,0.01,0.67,-1.01
5.180,-0.11,0.72,-0.91
5.185,-0.19,0.77,-0.77
5.206,-0.28,0.78,-0.72
5.207,-0.41,0.82,-0.66
5.208,-0.60,0.82,-0.55
5.208,-0.65,0.91,-0.51
5.209,-0.71,0.97,-0.60
5.214,-0.72,0.98,-0.61
5.226,-0.79,1.03,-0.69
5.227,-0.76,1.03,-0.68
5.229,-0.74,1.10,-0.65
5.234,-0.72,1.11,-0.71
5.240,-0.68,1.19,-0.71
5.244,-0.62,1.19,-0.74
5.249,-0.59,1.19,-0.71
5.254,-0.54,1.22,-0.51
5.259,-0.56,1.25,-0.42
5.264,-0.58,1.28,-0.39
5.272,-0.58,1.31,-0.39
5.274,-0.55,1.31,-0.27
5.279,-0.57,1.31,-0.21
5.284,-0.50,1.35,-0.18
5.289,-0.54,1.34,-0.07
5.294,-0.53,1.30,0.13
5.299,-0.57,1.31,0.27
5.327,-0.59,1.28,0.41
5.329,-0.68,1.18,0.74
5.331,-0.70,1.02,0.95
5.331,-0.70,0.96,1.38
5.332,-0.68,0.80,1.64
5.332,-0.69,0.72,1.83
5.334,-0.65,0.62,2.06
5.341,-0.56,0.56,2.09
5.345,-0.47,0.49,2.23
5.349,-0.36,0.43,2.20
5.355,-0.32,0.39,2.25
5.359,-0.26,0.32,2.21
5.364,-0.26,0.26,2.14
5.369,0.14,0.75,2.16
5.374,-0.56,0.00,1.70
5.380,-0.47,-0.18,1.59
5.384,-0.11,0.10,1.64
5.390,0.06,0.23,1.68
5.394,-0.03,0.18,1.58
5.400,-0.18,0.15,1.65
5.405,-0.22,0.32,1.43
5.409,-0.15,0.40,1.22
5.414,-0.01,0.44,0.81
5.420,0.28,0.47,0.66
5.437,0.66,0.40,0.31
5.439,0.84,0.27,0.33
5.440,1.03,0.13,0.27
5.441,0.98,-0.10,0.42
5.444,0.82,-0.28,0.79
5.452,0.64,-0.50,1.16
5.455,0.50,-0.69,1.59
5.460,0.31,-0.97,1.99
5.465,0.16,-1.23,2.31
5.470,0.06,-1.44,2.58
5.476,-0.12,-1.60,2.74
5.480,-0.38,-1.69,2.72
5.485,-0.48,-1.62,2.58
5.491,-0.57,-1.47,2.09
5.495,-0.62,-1.27,1.44
5.500,-0.65,-1.07,0.63
5.505,-0.60,-0.92,-0.18
5.510,-0.34,-0.67,-0.84
5.515,-0.07,-0.42,-1.50
5.521,0.14,-0.28,-2.06
5.528,0.28,-0.04,-2.51
5.534,0.46,0.13,-2.92
5.536,0.51,0.17,-3.26
5.547,0.49,0.16,-3.43
5.550,0.57,0.11,-3.19
5.552,0.64,0.13,-2.83
5.555,0.64,0.08,-2.51
5.566,0.63,-0.02,-1.95
5.567,0.67,-0.15,-1.59
5.572,0.71,-0.31,-1.25
5.595,0.82,-0.50,-0.93
5.597,0.80,-0.62,-0.57
5.597,0.89,-0.75,-0.09
5.598,0.90,-0.89,0.49
5.598,0.88,-1.02,0.89
5.600,0.84,-1.17,1.10
5.605,0.75,-1.17,1.45
5.610,0.74,-1.21,1.45
5.615,0.66,-1.16,1.39
5.620,0.58,-1.15,1.26
5.625,0.49,-1.00,0.86
5.630,0.35,-0.87,0.49
5.635,0.38,-0.70,0.03
5.640,0.37,-0.54,-0.46
5.645,0.35,-0.39,-0.90
5.650,0.34,-0.21,-1.32
5.655,0.29,0.04,-1.72
5.667,0.27,0.27,-2.05
5.668,0.39,0.38,-2.31
5.672,0.52,0.48,-2.47
5.676,0.63,0.54,-2.48
5.680,0.69,0.58,-2.43
5.685,0.69,0.63,-2.31
5.690,0.60,0.65,-2.08
5.695,0.64,0.73,-1.86
5.700,0.66,0.76,-1.75
5.705,0.62,0.82,-1.63
5.711,0.57,0.84,-1.55
5.716,0.56,0.82,-1.47
5.720,0.54,0.89,-1.42
5.728,0.50,0.91,-1.34
5.730,0.40,0.91,-1.29
5.735,0.42,0.87,-1.46
5.741,0.43,0.90,-1.39
5.746,0.48,1.02,-1.28
5.751,0.56,1.00,-1.25
5.756,0.58,1.03,-1.31
5.761,0.57,1.03,-1.23
5.765,0.61,1.08,-1.17
5.770,0.66,1.16,-1.10
5.778,0.69,1.16,-0.97
5.781,0.81,1.19,-0.87
5.786,0.86,1.20,-0.72
5.791,0.86,1.17,-0.67
5.796,0.85,1.16,-0.46
5.801,0.89,1.01,-0.35
5.806,0.92,0.93,-0.22
5.827,0.96,0.90,-0.10
5.828,0.92,0.82,0.06
5.829,0.79,0.73,0.28
5.830,0.70,0.76,0.49
5.831,0.65,0.70,0.50
5.840,0.59,0.72,0.47
5.841,0.55,0.69,0.41
5.846,0.54,0.69,0.24
5.852,0.59,0.69,0.15
5.856,0.66,0.81,0.10
5.863,0.74,0.87,0.06
5.866,0.82,0.80,0.09
5.871,0.80,0.78,0.27
5.876,0.76,0.71,0.27
5.882,0.72,0.59,0.36
5.886,0.76,0.54,0.62
5.892,0.91,0.50,0.84
5.900,1.00,0.43,1.07
5.915,1.18,0.46,1.43
5.915,1.10,0.42,1.66
5.916,1.05,0.39,1.73
5.917,1.05,0.26,1.70
5.922,0.92,0.29,1.66
5.927,0.93,0.30,1.71
5.932,0.93,0.21,1.64
5.936,0.95,0.06,1.58
5.942,0.86,-0.00,1.64
5.949,0.86,-0.05,1.43
5.954,0.71,-0.17,1.49
5.956,0.56,-0.30,1.40
5.965,0.47,-0.48,1.39
5.967,0.39,-0.47,1.46
5.972,0.25,-0.47,1.45
5.977,0.10,-0.32,1.46
5.982,0.01,-0.12,1.25
5.987,-0.00,0.10,0.90
5.992,0.10,0.26,0.57
5.997,0.30,0.41,0.29
6.002,0.40,0.50,-0.00
6.007,0.55,0.62,-0.52
6.012,0.56,0.75,-0.73
6.017,0.52,0.71,-1.05
6.022,0.51,0.66,-1.00
6.038,0.47,0.46,-0.72
6.038,0.34,0.17,-0.42
6.039,0.24,-0.16,0.17
6.046,0.13,-0.55,0.74
6.058,0.02,-0.88,1.32
6.059,-0.16,-1.26,1.90
6.059,-0.20,-1.57,2.27
6.062,-0.26,-1.75,2.52
6.074,-0.35,-1.94,2.46
6.075,-0.26,-2.09,2.42
6.078,-0.05,-2.17,2.28
6.082,0.24,-2.06,2.20
6.087,0.45,-1.76,1.98
6.092,0.62,-1.55,1.41
6.098,0.65,-1.37,0.71
6.102,0.60,-1.22,0.14
6.107,0.61,-0.99,-0.15
6.112,0.62,-0.84,-0.45
6.117,0.62,-0.68,-0.33
6.125,0.64,-0.61,-0.31
6.127,0.54,-0.55,-0.24
6.132,0.40,-0.59,-0.12
6.137,0.22,-0.57,-0.09
6.142,0.11,-0.52,-0.04
6.147,0.09,-0.55,-0.20
6.152,0.07,-0.46,-0.20
6.157,0.12,-0.44,-0.37
6.172,0.27,-0.37,-0.54
6.173,0.40,-0.27,-0.80
6.181,0.52,-0.22,-0.98
6.182,0.52,-0.20,-1.12
6.183,0.44,-0.15,-1.23
6.204,0.29,-0.24,-1.31
6.206,0.24,-0.28,-1.28
6.207,0.19,-0.31,-1.11
6.208,0.15,-0.34,-1.03
6.209,0.06,-0.47,-0.71
6.215,-0.13,-0.54,-0.62
6.218,-0.29,-0.58,-0.43
6.226,-0.38,-0.57,-0.43
6.228,-0.41,-0.54,-0.48
6.233,-0.42,-0.54,-0.64
6.238,-0.30,-0.42,-0.79
6.243,-0.18,-0.32,-0.91
6.248,0.08,-0.29,-1.11
6.255,0.23,-0.13,-1.37
6.258,0.26,0.06,-1.63
6.265,0.23,0.35,-1.79
6.269,0.30,0.58,-2.07
6.274,0.25,0.77,-2.14
6.278,0.22,0.86,-2.24
6.286,0.29,1.06,-2.33
6.288,0.35,1.10,-2.20
6.293,0.42,1.13,-2.14
6.298,0.45,1.20,-1.97
6.303,0.44,1.25,-1.76
6.308,0.49,1.22,-1.45
6.313,0.56,1.17,-1.16
6.323,0.53,1.07,-0.73
6.324,0.48,0.91,-0.40
6.336,0.30,0.75,-0.05
6.337,0.18,0.61,0.17
6.351,0.08,0.51,0.19
6.353,0.03,0.48,0.10
6.354,-0.12,0.41,-0.24
6.354,-0.24,0.41,-0.52
6.358,-0.31,0.45,-0.75
6.363,-0.40,0.56,-0.98
6.371,-0.45,0.64,-1.05
6.373,-0.47,0.74,-1.16
6.379,-0.46,0.78,-1.34
6.383,-0.41,0.80,-1.43
6.388,-0.32,0.83,-1.30
6.393,-0.28,0.87,-1.16
6.398,-0.38,0.88,-0.84
6.404,-0.42,0.87,-0.56
6.409,-0.44,0.83,-0.36
6.413,-0.35,0.75,-0.18
6.421,-0.31,0.68,0.10
6.424,-0.20,0.61,0.27
6.428,-0.13,0.53,0.56
6.433,-0.15,0.48,0.78
6.439,-0.20,0.39,1.10
6.445,-0.19,0.35,1.20
6.450,-0.11,0.29,1.49
6.476,-0.10,0.26,1.72
6.477,-0.06,0.14,1.96
6.478,-0.09,0.01,2.08
6.479,-0.02,-0.10,2.20
6.479,0.05,-0.19,2.17
6.483,0.06,-0.27,2.09
6.484,0.09,-0.43,2.07
6.506,0.07,-0.48,1.86
6.508,0.06,-0.55,1.68
6.509,0.04,-0.51,1.72
6.510,-0.02,-0.46,1.66
6.511,-0.12,-0.28,1.62
6.514,-0.18,-0.10,1.35
6.519,-0.30,0.11,1.06
6.524,-0.35,0.40,0.46
6.554,-0.18,0.66,-0.09
6.555,0.11,0.92,-0.61
6.556,0.40,1.06,-1.01
6.557,0.68,1.05,-1.26
6.558,0.97,0.91,-1.39
6.565,1.12,0.68,-1.29
6.566,1.25,0.35,-1.03
6.570,1.24,-0.08,-0.50
6.570,1.60,0.14,0.50
6.574,0.56,-1.04,1.22
6.579,0.17,-1.72,2.00
6.584,0.08,-1.88,3.15
6.589,0.03,-2.00,4.17
6.594,-0.22,-2.30,4.75
6.599,-0.38,-2.39,5.08
6.611,-0.46,-2.38,5.20
6.613,-0.37,-2.34,4.95
6.614,-0.16,-2.31,4.43
6.638,0.05,-2.19,3.63
6.641,0.30,-1.93,2.51
6.641,0.43,-1.54,1.37
6.642,0.44,-1.14,0.19
6.643,0.45,-0.80,-0.84
6.644,0.32,-0.63,-1.60
6.649,0.20,-0.41,-1.91
6.656,0.07,-0.25,-2.15
6.660,0.11,-0.06,-2.24
6.664,0.21,0.02,-2.16
6.670,0.35,0.11,-1.98
6.674,0.43,0.05,-1.75
6.679,0.56,0.05,-1.36
6.684,0.68,-0.01,-0.88
6.690,0.73,-0.15,-0.40
6.694,0.78,-0.33,-0.13
6.699,0.71,-0.44,-0.09
6.704,0.70,-0.38,0.15
6.709,0.71,-0.44,0.29
6.714,0.63,-0.56,0.10
6.719,0.55,-0.61,-0.05
6.731,0.49,-0.54,-0.29
6.732,0.50,-0.41,-0.82
6.738,0.52,-0.37,-1.18
6.740,0.38,-0.34,-1.58
6.771,0.25,-0.27,-1.78
6.775,0.17,-0.14,-1.95
6.776,0.16,0.00,-2.14
6.777,0.14,0.04,-2.18
6.778,0.10,0.07,-2.12
6.778,0.01,0.10,-2.12
6.779,0.00,0.16,-1.97
6.780,-0.08,0.26,-1.91
6.785,-0.12,0.33,-1.82
6.794,-0.14,0.37,-1.82
6.796,-0.17,0.43,-1.86
6.800,-0.10,0.48,-1.82
6.805,-0.01,0.51,-1.82
6.810,0.04,0.48,-1.70
6.815,0.01,0.46,-1.77
6.822,0.07,0.46,-1.74
6.828,0.22,0.42,-1.69
6.844,0.35,0.36,-1.55
6.844,0.44,0.28,-1.45
6.845,0.53,0.27,-1.38
6.846,0.53,0.30,-1.21
6.851,0.50,0.35,-0.96
6.855,0.44,0.39,-0.96
6.860,0.35,0.36,-0.79
6.865,0.40,0.38,-0.76
6.870,0.45,0.45,-0.61
6.877,0.47,0.48,-0.56
6.880,0.53,0.47,-0.49
6.885,0.54,0.49,-0.41
6.890,0.48,0.54,-0.46
6.895,0.45,0.58,-0.66
6.900,0.50,0.62,-0.76
6.905,0.51,0.61,-0.86
6.911,0.53,0.61,-0.96
6.915,0.58,0.69,-1.00
6.920,0.64,0.72,-1.00
6.925,0.60,0.76,-0.91
6.930,0.63,0.79,-0.83
6.935,0.66,0.81,-0.72
6.940,0.65,0.83,-0.51
6.948,0.67,0.73,-0.37
6.952,0.66,0.71,-0.23
6.961,0.60,0.69,-0.16
6.963,0.53,0.67,-0.08
6.978,0.49,0.70,-0.14
6.982,0.56,0.65,-0.06
6.984,0.62,0.69,-0.01
6.987,0.70,0.70,-0.04
6.988,0.73,0.77,0.03
6.992,0.77,0.80,0.09
7.018,0.74,0.76,0.17
7.018,0.71,0.67,0.35
7.019,0.80,0.68,0.50
7.019,0.76,0.60,0.70
7.020,0.67,0.52,0.89
7.022,0.62,0.49,1.22
7.026,0.63,0.39,1.48
7.032,0.66,0.32,1.71
7.036,0.68,0.22,1.74
7.041,0.77,0.09,1.88
7.045,0.87,0.03,1.79
7.051,1.00,-0.10,1.74
7.055,0.73,-0.40,1.84
7.075,0.73,0.18,2.25
7.077,0.48,0.19,2.13
7.078,0.11,0.28,2.16
7.079,0.22,0.43,1.92
7.081,0.39,0.49,1.61
7.086,0.59,0.59,1.21
7.092,0.53,0.76,1.05
7.096,0.67,0.85,0.67
7.101,0.76,0.79,0.39
7.105,0.82,0.62,0.06
7.111,0.84,0.31,0.17
7.115,0.78,-0.16,0.60
7.123,0.53,-0.58,1.30
7.125,0.33,-0.87,2.26
7.131,-0.06,-1.08,3.21
7.136,-0.36,-1.32,4.01
7.141,-0.51,-1.57,4.53
7.146,-0.35,-1.73,4.72
7.151,-0.41,-1.97,4.82
7.156,-0.44,-2.16,4.56
7.162,-0.31,-2.22,3.90
7.166,0.75,-2.32,2.46
7.171,-0.59,-2.00,2.94
7.176,0.40,-1.44,1.56
7.181,0.41,-1.16,0.99
7.186,0.73,-0.83,-0.19
7.191,0.82,-0.63,-1.17
7.199,0.90,-0.40,-1.94
7.202,0.82,-0.14,-2.27
7.212,0.63,0.08,-2.29
7.213,0.48,0.21,-2.25
7.229,0.31,0.15,-2.01
7.231,0.16,0.16,-1.83
7.232,0.07,0.01,-1.53
7.233,-0.16,-0.21,-1.34
7.237,-0.37,-0.39,-1.01
7.241,-0.58,-0.56,-0.62
7.247,-0.60,-0.74,-0.15
7.251,-0.44,-0.81,0.10
7.256,-0.20,-0.89,0.21
7.262,-0.15,-0.99,0.27
7.266,-0.11,-1.03,0.07
7.271,-0.09,-1.03,-0.05
7.276,-0.26,-0.89,-0.06
7.282,-0.69,-0.81,-0.17
7.287,-0.51,-0.94,-0.81
7.292,-0.26,-0.62,-0.71
7.297,-0.49,-0.63,-0.81
7.302,-0.42,-0.75,-1.04
7.306,-0.21,-0.77,-1.28
7.312,-0.07,-0.69,-1.47
7.317,0.01,-0.59,-1.72
7.322,0.03,-0.52,-1.84
7.326,0.21,-0.40,-1.93
7.336,0.28,-0.22,-1.85
7.338,0.30,-0.12,-1.87
7.342,0.14,0.05,-1.87
7.372,-0.02,0.16,-1.91
7.373,-0.08,0.32,-1.96
7.374,-0.17,0.46,-1.89
7.375,-0.21,0.55,-1.98
7.376,-0.23,0.64,-1.91
7.380,-0.19,0.68,-2.08
7.380,-0.04,0.63,-2.05
7.383,-0.03,0.60,-2.06
7.387,0.03,0.66,-2.10
7.393,0.01,0.77,-2.11
7.400,0.03,0.68,-2.04
7.402,-0.08,0.65,-1.90
7.407,0.00,0.61,-1.78
7.414,-0.02,0.54,-1.48
7.418,-0.17,0.44,-1.21
7.423,-0.26,0.40,-0.91
7.427,-0.34,0.32,-0.64
7.434,-0.46,0.27,-0.43
7.438,-0.61,0.25,-0.22
7.443,-0.74,0.27,-0.15
7.448,-0.81,0.37,-0.14
7.454,-0.86,0.43,-0.19
7.458,-0.86,0.48,-0.27
7.470,-0.81,0.57,-0.42
7.472,-0.74,0.64,-0.54
7.474,-0.65,0.73,-0.72
7.491,-0.56,0.81,-0.80
7.493,-0.59,0.76,-0.95
7.494,-0.70,0.97,-0.94
7.494,-0.55,1.07,-1.14
7.506,-0.62,1.06,-1.19
7.508,-0.51,1.05,-1.18
7.508,-0.41,1.11,-0.94
7.523,-0.32,1.10,-0.71
7.525,-0.32,1.03,-0.45
7.526,-0.26,1.01,-0.32
7.528,-0.33,0.98,-0.29
7.539,-0.40,0.92,-0.24
7.540,-0.22,0.98,0.05
7.554,-0.00,0.98,0.32
7.556,-0.08,0.86,0.59
7.556,-0.22,0.78,0.86
7.558,-0.42,0.68,1.15
7.562,-0.45,0.61,1.18
7.573,-0.46,0.59,1.22
7.574,-0.37,0.59,1.20
7.577,-0.21,0.49,1.14
7.589,-0.14,0.38,1.00
7.590,-0.02,0.33,1.04
7.600,0.02,0.25,1.28
7.601,-0.00,0.14,1.44
7.629,0.00,0.09,1.68
7.632,-0.02,0.02,1.80
7.634,0.04,-0.04,1.87
7.635,-0.07,-0.08,1.75
7.635,-0.24,0.05,1.61
7.636,-0.21,0.28,1.40
7.637,-0.15,0.51,1.09
7.641,0.01,0.70,0.67
7.643,0.30,0.67,0.47
7.649,0.50,0.72,0.23
7.653,0.83,0.74,0.04
7.658,1.12,0.58,-0.29
7.663,1.10,0.15,-0.15
7.671,1.32,0.21,0.10
7.673,1.23,-0.00,0.56
7.678,0.84,-0.40,1.02
7.683,0.73,-0.28,1.75
7.688,-0.21,-1.17,2.42
7.693,-0.26,-1.60,3.07
7.699,-0.05,-1.41,4.08
7.703,-0.16,-1.65,4.48
7.708,-0.29,-1.89,4.23
7.713,-0.29,-1.84,4.11
7.721,-0.42,-1.82,4.06
7.723,-0.43,-1.69,2.95
7.728,-0.22,-1.44,2.03
7.735,0.01,-1.22,1.19
7.738,0.25,-1.03,0.44
7.744,0.53,-0.78,-0.51
7.749,1.08,-0.55,-1.40
7.788,0.78,-0.45,-1.79
7.791,0.90,-0.13,-2.24
7.794,0.79,0.02,-2.41
7.795,-0.19,0.04,-2.36
7.795,0.21,0.25,-2.17
7.795,0.28,0.15,-1.68
7.795,0.26,0.04,-1.12
7.796,0.33,0.00,-0.51
7.796,0.24,-0.20,-0.18
7.798,0.16,-0.33,0.12
7.809,0.15,-0.32,0.47
7.810,0.13,-0.38,0.50
7.813,0.12,-0.38,0.42
7.818,0.14,-0.39,0.47
7.823,0.26,-0.34,0.45
7.828,0.38,-0.35,0.22
7.834,0.54,-0.30,0.03
7.838,0.67,-0.24,-0.15
7.843,0.78,-0.25,-0.16
7.848,0.98,-0.24,-0.30
7.854,1.02,-0.36,-0.47
7.858,0.96,-0.37,-1.01
7.863,0.82,-0.29,-1.31
7.868,0.64,-0.14,-1.37
7.874,0.51,-0.09,-1.32
7.878,0.45,-0.03,-1.15
7.883,0.39,-0.02,-1.16
7.899,0.33,0.01,-1.29
7.900,0.28,0.11,-1.49
7.900,0.21,0.21,-1.71
7.913,0.27,0.36,-1.81
7.914,0.31,0.46,-1.81
7.914,0.30,0.57,-1.81
7.919,0.29,0.61,-1.80
7.924,0.25,0.67,-1.82
7.929,0.34,0.69,-1.70
7.934,0.39,0.77,-1.70
7.939,0.49,0.74,-1.67
7.944,0.55,0.75,-1.64
7.949,0.59,0.69,-1.66
7.954,0.50,0.66,-1.75
7.959,0.41,0.60,-1.81
7.964,0.27,0.60,-1.74
7.970,0.14,0.63,-1.53
7.974,0.12,0.59,-1.26
7.979,0.08,0.52,-1.08
7.984,0.00,0.47,-1.08
8.000,-0.07,0.49,-0.92
8.001,-0.06,0.48,-0.58
8.002,-0.00,0.43,-0.43
8.004,0.09,0.41,-0.15
8.033,0.20,0.42,0.20
8.034,0.21,0.47,0.40
8.034,0.17,0.50,0.61
8.035,0.18,0.57,0.70
8.036,0.24,0.62,0.64
8.044,0.36,0.60,0.65
8.045,0.39,0.63,0.52
8.045,0.45,0.68,0.32
8.049,0.49,0.75,0.21
8.054,0.50,0.80,0.11
8.059,0.45,0.93,0.07
8.064,0.37,0.94,0.05
8.069,0.30,0.99,-0.09
8.074,0.31,0.94,-0.21
8.079,0.34,1.00,-0.27
8.084,0.36,1.04,-0.29
8.089,0.42,1.10,-0.25
8.103,0.39,1.07,-0.17
8.105,0.40,1.08,-0.01
8.105,0.44,1.00,0.10
8.115,0.46,0.92,0.26
8.116,0.49,0.90,0.49
8.119,0.43,0.86,0.71
8.127,0.37,0.81,1.00
8.129,0.29,0.72,1.18
8.134,0.23,0.59,1.31
8.140,0.15,0.53,1.50
8.144,0.10,0.39,1.61
8.149,0.10,0.28,1.79
8.155,0.07,0.16,1.78
8.159,0.12,-0.03,1.90
8.164,0.05,-0.12,2.00
8.169,-0.01,-0.24,2.10
8.174,-0.13,-0.27,2.32
8.179,-0.24,-0.23,2.54
8.184,-0.41,-0.11,2.47
8.189,-0.45,0.17,2.12
8.195,-0.35,0.35,1.70
8.200,-0.28,0.63,1.01
8.205,-0.03,0.84,0.24
8.214,0.22,1.09,-0.19
8.217,0.30,1.29,-0.22
8.220,0.33,1.38,-0.37
8.230,0.41,1.27,-0.45
8.231,0.41,1.03,-0.23
8.248,0.36,0.59,0.33
8.250,0.23,0.16,1.03
8.251,0.08,-0.29,1.88
8.251,-0.12,-0.71,2.57
8.255,-0.21,-1.09,3.09
8.261,-0.51,-1.48,3.46
8.265,-0.91,-1.77,3.30
8.270,-0.68,-1.71,3.86
8.275,-0.66,-1.97,1.70
8.280,-0.84,-2.02,1.69
8.285,-0.69,-2.03,1.13
8.290,-0.43,-1.77,0.47
8.296,-0.12,-1.38,-0.15
8.300,0.25,-1.11,-0.88
8.305,0.33,-0.94,-1.38
8.316,0.70,-0.54,-1.85
8.319,0.61,-0.16,-1.95
8.321,0.41,-0.00,-2.58
8.334,0.38,0.26,-2.52
8.335,0.45,0.52,-2.48
8.336,0.39,0.55,-2.24
8.351,0.40,0.52,-1.89
8.352,0.93,1.16,-1.40
8.352,-0.02,0.04,-1.03
8.355,0.12,-0.25,-0.50
8.361,0.25,-0.01,0.01
8.366,-0.12,-0.42,0.21
8.370,-0.36,-0.70,0.50
8.375,-0.49,-0.75,0.77
8.381,-0.71,-0.90,0.79
8.385,-0.86,-0.99,0.68
8.391,-1.05,-1.03,0.51
8.396,-1.20,-1.02,0.37
8.401,-1.35,-0.91,0.25
8.405,-1.49,-0.95,0.21
8.411,-1.52,-0.90,0.15
8.416,-1.43,0.01,0.75
8.421,-2.12,-1.67,-0.27
8.426,-0.62,-0.76,-0.63
8.431,-1.01,-0.54,-0.59
8.436,-1.25,-0.63,-0.65
8.441,-0.91,-0.54,-0.90
8.446,-0.62,-0.36,-1.09
8.451,-0.70,-0.21,-1.25
8.456,-0.78,0.08,-1.49
8.462,-0.82,0.33,-1.67
8.471,-0.74,0.52,-1.67
8.486,-0.62,0.72,-1.92
8.487,-0.45,0.93,-2.22
8.488,-0.22,1.05,-2.24
8.490,0.02,1.07,-2.30
8.496,0.29,1.06,-2.31
8.496,0.51,1.10,-2.28
8.514,0.62,1.07,-2.08
8.516,0.75,1.08,-2.04
8.517,0.77,1.06,-1.90
8.517,0.71,1.00,-1.88
8.521,0.59,0.96,-1.70
8.526,0.48,0.88,-1.38
8.533,0.33,0.82,-1.18
8.540,0.19,0.65,-1.11
8.541,-0.01,0.56,-0.97
8.549,-0.17,0.49,-0.79
8.551,-0.25,0.41,-0.61
8.556,-0.29,0.39,-0.43
8.562,-0.23,0.41,-0.34
8.572,-0.26,0.38,-0.14
8.573,-0.34,0.37,-0.17
8.576,-0.42,0.39,-0.08
8.581,-0.47,0.52,-0.11
8.586,-0.44,0.59,-0.12
8.591,-0.54,0.67,-0.06
8.603,-0.53,0.70,-0.04
8.604,-0.58,0.72,-0.07
8.606,-0.61,0.80,-0.15
8.612,-0.60,0.83,-0.14
8.636,-0.60,0.92,-0.16
8.638,-0.55,0.88,-0.14
8.638,-0.51,0.87,-0.13
8.639,-0.53,0.86,-0.07
8.639,-0.56,0.88,0.01
8.642,-0.57,0.89,0.02
8.647,-0.48,0.96,0.19
8.652,-0.46,0.87,0.42
8.656,-0.29,0.83,0.52
8.662,-0.15,0.72,0.90
8.667,-0.15,0.66,1.21
8.672,-0.13,0.53,1.51
8.676,-0.18,0.39,1.80
8.683,-0.28,0.28,1.95
8.686,-0.39,0.15,2.23
8.691,-0.38,0.11,2.36
8.697,-0.28,-0.08,2.43
8.702,-0.38,-0.19,2.50
8.707,-0.43,-0.28,2.43
8.712,-0.51,-0.23,2.27
8.717,-0.45,-0.25,2.06
8.722,-0.40,-0.26,1.88
8.727,-0.33,-0.29,1.66
8.738,-0.37,-0.18,1.58
8.741,-0.45,-0.06,1.44
8.742,-0.51,0.16,1.12
8.748,-0.45,0.34,0.61
8.765,-0.28,0.57,0.17
8.767,-0.04,0.68,-0.12
8.768,0.28,0.77,-0.44
8.769,0.45,0.90,-0.78
8.773,0.48,1.02,-0.91
8.777,0.62,1.09,-0.93
8.783,0.65,1.03,-0.96
8.787,0.66,0.82,-0.62
8.792,0.70,0.48,0.08
8.797,0.70,0.13,0.93
8.802,0.56,-0.34,1.66
8.807,0.29,-0.80,2.38
8.812,-0.07,-1.22,3.07
8.817,-0.39,-1.61,3.75
8.822,-0.60,-1.83,4.05
8.827,-0.70,-1.96,4.11
8.832,-0.76,-2.03,3.72
8.837,-0.67,-1.93,3.14
8.842,-0.46,-1.69,2.21
8.847,-0.13,-1.42,1.24
8.856,0.10,-1.15,0.43
8.857,0.28,-0.84,-0.41
8.875,0.32,-0.55,-1.37
8.876,0.40,-0.36,-1.89
8.877,0.29,-0.18,-2.33
8.878,0.10,-0.04,-2.56
8.886,-0.04,0.06,-2.44
8.889,0.60,0.69,-1.88
8.892,-0.32,-0.42,-1.76
8.899,-0.19,-0.92,-1.53
8.903,0.11,-0.81,-0.73
8.907,0.29,-0.82,-0.20
8.917,0.20,-1.15,0.37
8.918,0.09,-1.36,0.66
8.923,0.10,-1.36,1.08
8.927,0.11,-1.41,1.41
8.933,0.11,-1.50,1.43
8.938,0.13,-1.51,1.56
8.943,0.04,-1.46,1.46
8.947,0.01,-1.46,1.10
8.953,-0.06,-1.33,0.65
8.958,-0.08,-1.23,0.04
8.963,-0.12,-1.11,-0.16
8.969,-0.16,-0.94,-0.66
8.973,-0.14,-0.79,-1.23
8.978,-0.06,-0.69,-1.65
8.984,0.07,-0.41,-2.04
8.988,0.20,-0.24,-2.48
8.993,0.27,-0.06,-2.72
8.998,0.34,0.15,-3.04
9.011,0.32,0.30,-3.32
9.012,0.37,0.47,-3.47
9.014,0.42,0.58,-3.42
9.026,0.44,0.66,-3.24
9.030,0.44,0.71,-2.88
9.031,0.40,0.75,-2.61
9.048,0.39,0.73,-2.42
9.059,0.47,0.72,-2.14
9.059,0.47,0.61,-1.84
9.060,0.47,0.58,-1.53
9.061,0.50,0.49,-1.16
9.061,0.46,0.42,-0.87
9.063,0.35,0.33,-0.86
9.068,0.23,0.26,-0.79
9.074,0.17,0.24,-0.83
9.078,0.23,0.24,-0.77
9.086,0.26,0.20,-0.81
9.091,0.28,0.19,-0.90
9.093,0.23,0.28,-0.88
9.098,0.28,0.27,-0.90
9.106,0.31,0.26,-0.92
9.108,0.37,0.30,-0.92
9.113,0.38,0.40,-0.93
9.118,0.41,0.43,-1.06
9.126,0.44,0.47,-0.96
9.130,0.45,0.53,-0.79
9.133,0.39,0.63,-0.52
9.156,0.39,0.57,-0.34
9.158,0.44,0.66,-0.10
9.159,0.45,0.64,0.05
9.159,0.42,0.61,0.11
9.160,0.37,0.60,0.22
9.164,0.35,0.59,0.19
9.168,0.35,0.68,0.16
9.188,0.34,0.72,0.04
9.189,0.28,0.79,-0.05
9.190,0.34,0.82,-0.09
9.191,0.36,0.86,-0.15
9.193,0.44,0.88,-0.19
9.198,0.56,0.92,-0.11
9.203,0.51,0.96,-0.02
9.208,0.48,0.95,-0.03
9.213,0.47,0.88,-0.07
9.219,0.41,0.82,-0.07
9.224,0.33,0.83,-0.04
9.228,0.26,0.90,0.03
9.233,0.33,0.94,0.17
9.239,0.34,0.94,0.30
9.244,0.39,0.90,0.34
9.248,0.38,0.89,0.36
9.254,0.35,0.83,0.58
9.270,0.21,0.78,0.59
9.270,0.04,0.71,0.73
9.271,-0.04,0.62,0.85
9.285,-0.05,0.54,0.98
9.286,-0.01,0.44,1.24
9.286,0.05,0.25,1.42
9.290,0.02,0.12,1.48
9.294,0.00,0.06,1.63
9.299,-0.02,-0.00,1.59
9.304,0.01,-0.02,1.65
9.309,0.05,0.11,1.71
9.314,0.13,0.17,1.80
9.319,0.15,0.38,1.58
9.328,0.19,0.54,1.43
9.329,0.22,0.69,1.13
9.334,0.33,0.75,0.88
9.339,0.46,0.88,0.61
9.344,0.68,0.97,0.58
9.349,0.80,0.85,0.69
9.354,0.90,0.65,0.63
9.359,0.83,0.37,0.88
9.364,0.62,0.01,1.42
9.369,0.33,-0.37,2.12
9.377,0.07,-0.85,2.71
9.382,-0.27,-1.18,3.26
9.384,-0.59,-1.55,3.53
9.389,-0.86,-1.81,3.81
9.408,-0.84,-1.84,3.91
9.410,-1.12,-1.95,3.61
9.411,-1.29,-2.08,3.01
9.412,-1.38,-2.03,2.05
9.415,-1.13,-1.86,1.62
9.419,-0.85,-1.62,0.71
9.426,-0.60,-1.27,-0.12
9.430,-0.38,-0.92,-1.09
9.434,-0.07,-0.49,-1.53
9.439,0.09,-0.12,-2.02
9.444,0.05,0.17,-2.53
9.450,0.07,0.32,-2.84
9.455,0.25,0.49,-2.85
9.460,0.57,0.75,-2.67
9.465,0.76,0.71,-2.64
9.470,0.91,0.68,-2.19
9.500,1.02,0.59,-1.91
9.506,1.04,0.42,-1.52
9.507,0.97,0.26,-1.08
9.513,0.84,-0.08,-0.64
9.518,0.60,-0.44,0.15
9.521,0.43,-0.83,0.77
9.522,0.28,-1.13,1.21
9.524,0.14,-1.38,1.57
9.527,-0.20,-1.48,1.65
9.528,-0.57,-1.58,1.48
9.530,-0.75,-1.63,1.37
9.531,-0.91,-1.59,1.54
9.537,-1.00,-1.53,1.35
9.553,-1.08,-1.53,1.30
9.553,-1.14,-1.45,1.16
9.554,-1.13,-1.34,1.00
9.554,-1.07,-1.24,0.75
9.561,-1.02,-1.01,0.43
9.565,-0.87,-0.89,0.02
9.569,-0.60,-0.21,-0.14
9.574,-1.04,-1.01,-0.54
9.580,-0.17,-0.49,-0.49
9.584,-0.51,-0.19,-0.75
9.590,-0.71,-0.27,-0.86
9.596,-0.24,-0.07,-1.15
9.601,-0.05,0.16,-1.11
9.607,-0.13,0.19,-1.37
9.617,0.08,0.48,-1.65
9.619,0.34,0.64,-1.83
9.620,0.40,0.79,-2.13
9.625,0.39,0.90,-2.35
9.630,0.40,0.97,-2.47
9.635,0.31,0.97,-2.57
9.640,0.24,1.02,-2.64
9.645,0.21,1.05,-2.66
9.650,0.26,1.02,-2.66
9.655,0.29,0.92,-2.51
9.661,0.36,0.83,-2.21
9.665,0.31,0.68,-1.71
9.670,0.20,0.60,-1.38
9.675,0.07,0.50,-1.13
9.680,-0.02,0.42,-0.85
9.685,-0.16,0.45,-0.60
9.690,-0.29,0.38,-0.36
9.695,-0.33,0.39,-0.23
9.700,-0.45,0.34,-0.19
9.705,-0.49,0.37,-0.25
9.710,-0.48,0.42,-0.13
9.722,-0.57,0.43,-0.27
9.722,-0.62,0.48,-0.40
9.725,-0.70,0.50,-0.30
9.740,-0.61,0.54,-0.55
9.741,-0.59,0.53,-0.63
9.741,-0.61,0.52,-0.74
9.746,-0.59,0.55,-0.68
9.750,-0.49,0.65,-0.57
9.755,-0.46,0.68,-0.49
9.760,-0.33,0.75,-0.45
9.765,-0.29,0.74,-0.23
9.770,-0.19,0.76,-0.02
9.775,-0.33,0.79,0.03
9.780,-0.42,0.80,0.37
9.785,-0.56,0.83,0.53
9.790,-0.64,0.81,0.54
9.797,-0.64,0.73,0.45
9.801,-0.64,0.79,0.43
9.806,-0.60,0.79,0.40
9.812,-0.49,0.77,0.43
9.816,-0.40,0.76,0.37
9.821,-0.34,0.75,0.38
9.826,-0.30,0.81,0.53
9.832,-0.30,0.79,0.56
9.836,-0.30,0.73,0.66
9.842,-0.28,0.65,0.86
9.867,-0.35,0.52,1.03
9.870,-0.40,0.36,1.08
9.879,-0.43,0.31,1.38
9.881,-0.44,0.25,1.57
9.882,-0.56,0.19,1.66
9.883,-0.76,0.16,1.67
9.886,-0.80,0.08,1.56
9.887,-0.85,0.12,1.58
9.893,-0.86,0.07,1.66
9.894,-0.83,0.01,1.59
9.912,-0.76,0.01,1.84
9.913,-0.67,0.13,1.50
9.914,-0.78,0.30,1.07
9.914,-0.76,0.50,0.55
9.917,-0.52,0.70,0.09
9.921,-0.30,0.89,-0.37
9.926,-0.03,0.95,-0.89
9.931,0.53,1.14,-0.96
9.936,0.83,1.32,-0.93
9.941,0.89,1.20,-0.85
9.946,0.91,0.92,-0.70
9.951,0.93,0.49,-0.30
9.956,0.92,0.16,0.17
9.961,0.88,-0.25,0.60
9.968,0.74,-0.63,1.22
9.971,0.56,-1.03,2.13
9.976,0.24,-1.41,3.01
9.982,-0.06,-1.71,3.79
9.986,-0.31,-1.99,4.28
9.991,-0.45,-2.11,4.74
9.996,-0.47,-2.25,4.59
10.007,-0.79,-2.35,3.81
10.008,-0.74,-2.27,2.96
10.012,-0.49,-1.94,2.02
10.037,-0.19,-1.68,1.23
10.038,0.13,-1.27,0.33
10.038,0.34,-0.95,-0.76
10.039,0.39,-0.60,-1.86
10.040,0.52,-0.25,-2.66
10.048,0.64,0.05,-3.22
10.048,0.69,0.17,-3.57
10.052,0.72,0.31,-3.58
10.057,0.78,0.39,-2.96
10.062,1.01,0.68,-1.67
10.067,0.58,-0.31,-1.47
10.072,0.78,-0.46,-0.65
10.076,0.77,-0.34,0.13
10.081,0.57,-0.69,0.59
10.086,0.29,-1.04,1.01
10.092,0.17,-1.18,1.63
10.097,0.13,-1.52,2.08
10.102,0.13,-1.83,1.94
10.107,0.18,-1.94,1.90
10.112,0.19,-1.93,1.93
10.119,0.27,-1.92,1.77
10.124,0.40,-1.86,1.87
10.126,0.31,-1.87,1.67
10.132,0.08,-1.90,1.15
10.137,-0.14,-1.77,1.54
10.142,-0.26,-1.74,0.09
10.147,-0.10,-1.48,0.05
10.157,0.18,-1.20,-0.07
10.158,0.27,-1.00,-0.49
10.165,0.23,-0.85,-1.12
10.184,0.14,-0.66,-1.66
10.185,0.19,-0.41,-2.16
10.185,0.37,-0.17,-2.52
10.185,0.36,0.09,-2.86
10.187,0.42,0.28,-3.06
10.192,0.26,0.42,-3.34
10.197,0.19,0.54,-3.43
